fighter_name,height_cm,weight_pounds,reach_cm,stance,date_of_birth,f_wins,win_rate,f_losses,loss_rate,f_draws,draw_rate,f_dc_nc,dc_nc_rate,career_SLpM,career_StrAcc,career_SApM,career_StrDef,career_TD_Avg,career_TD_Acc,career_TD_Def,career_Sub_Avg,Rank
Derrick Lewis,190.5,260.0,200.66,Orthodox,1985-02-07,28,68%,12,29%,0,0%,1.0,2%,2.48,50%,2.48,40%,0.57,26%,52%,0.0,130
Virna Jandiroba,160.02,115.0,162.56,Orthodox,1988-05-30,21,88%,3,12%,0,0%,0.0,0%,2.12,38%,2.73,57%,2.29,34%,73%,1.7,147
Sean Strickland,185.42,185.0,193.04,Orthodox,1991-02-27,29,81%,7,19%,0,0%,0.0,0%,5.95,42%,4.57,60%,0.73,64%,76%,0.2,14
Amanda Lemos,162.56,115.0,165.1,Southpaw,1987-05-22,14,74%,4,21%,1,5%,0.0,0%,3.16,54%,3.87,44%,0.9,63%,61%,0.8,155
Alexander Volkov,200.66,250.0,203.2,Orthodox,1988-10-24,38,78%,11,22%,0,0%,0.0,0%,4.97,57%,2.99,54%,0.61,66%,72%,0.2,123
Tatsuro Taira,170.18,125.0,177.8,Orthodox,2000-01-27,16,94%,1,6%,0,0%,0.0,0%,2.99,60%,2.69,46%,2.73,44%,45%,1.6,20
Ciryl Gane,193.04,245.0,205.74,Orthodox,1990-04-12,13,87%,2,13%,0,0%,0.0,0%,5.26,61%,2.23,61%,0.7,25%,43%,0.6,122
Serghei Spivac,190.5,260.0,198.12,Orthodox,1995-01-24,17,77%,5,23%,0,0%,0.0,0%,3.49,49%,3.77,48%,4.56,65%,63%,0.6,127
Kyler Phillips,172.72,135.0,182.88,Orthodox,1995-06-12,12,80%,3,20%,0,0%,0.0,0%,5.28,44%,3.47,60%,2.63,51%,75%,0.4,42
Johnny Walker,198.12,205.0,208.28,Orthodox,1992-03-30,21,68%,9,29%,0,0%,1.0,3%,3.87,53%,3.12,44%,0.45,100%,57%,0.9,115
Katlyn Cerminara,175.26,125.0,172.72,Orthodox,1988-12-28,18,75%,6,25%,0,0%,0.0,0%,4.58,34%,4.48,62%,0.31,15%,50%,0.3,173
Tecia Pennington,154.94,115.0,152.4,Orthodox,1989-08-16,14,67%,7,33%,0,0%,0.0,0%,4.82,47%,3.53,61%,0.57,14%,63%,0.1,165
Bruno Silva,162.56,125.0,165.1,Orthodox,1990-03-16,14,61%,6,26%,2,9%,1.0,4%,3.54,49%,4.08,52%,1.92,25%,60%,0.2,28
Tagir Ulanbekov,170.18,125.0,177.8,Southpaw,1991-08-07,16,89%,2,11%,0,0%,0.0,0%,3.13,47%,3.2,49%,3.56,47%,63%,1.7,26
Anthony Smith,193.04,205.0,193.04,Orthodox,1988-07-26,38,64%,21,36%,0,0%,0.0,0%,3.2,49%,4.88,45%,0.44,23%,50%,0.6,119
Song Yadong,172.72,135.0,170.18,Orthodox,1997-12-02,21,70%,7,23%,1,3%,1.0,3%,4.49,43%,3.96,55%,0.66,40%,72%,0.2,38
Kai Asakura,172.72,125.0,175.26,Orthodox,1993-10-31,21,81%,5,19%,0,0%,0.0,0%,2.4,58%,4.52,38%,0.0,0%,57%,0.0,29
Khalil Rountree Jr.,185.42,205.0,193.04,Southpaw,1990-02-26,14,67%,6,29%,0,0%,1.0,5%,3.73,38%,4.51,48%,0.0,0%,58%,0.1,112
Jack Della Maddalena,180.34,170.0,185.42,Switch,1996-09-10,17,89%,2,11%,0,0%,0.0,0%,6.74,53%,4.27,66%,0.21,16%,70%,0.2,79
Stephen Thompson,182.88,170.0,190.5,Orthodox,1983-02-11,17,65%,8,31%,1,4%,0.0,0%,4.11,46%,3.02,55%,0.25,41%,63%,0.0,86
Colby Covington,180.34,170.0,182.88,Orthodox,1988-02-22,17,77%,5,23%,0,0%,0.0,0%,3.81,38%,3.09,54%,3.64,42%,68%,0.2,84
Karol Rosa,165.1,135.0,170.18,Orthodox,1994-12-30,18,72%,7,28%,0,0%,0.0,0%,6.22,55%,4.84,49%,1.09,46%,70%,0.0,188
Dustin Poirier,175.26,155.0,182.88,Southpaw,1989-01-19,30,75%,9,22%,0,0%,1.0,2%,5.3,50%,4.33,52%,1.24,36%,64%,1.3,64
Montel Jackson,177.8,135.0,190.5,Southpaw,1992-04-24,14,88%,2,12%,0,0%,0.0,0%,3.39,53%,1.42,63%,3.41,71%,69%,0.3,45
Bryce Mitchell,177.8,145.0,177.8,Southpaw,1994-10-04,17,85%,3,15%,0,0%,0.0,0%,2.31,59%,1.53,60%,3.39,43%,33%,1.4,58
Jailton Almeida,190.5,205.0,200.66,Orthodox,1991-06-26,22,88%,3,12%,0,0%,0.0,0%,2.62,65%,0.89,41%,6.58,60%,60%,2.4,126
Michael Chandler,172.72,155.0,180.34,Orthodox,1986-04-24,23,72%,9,28%,0,0%,0.0,0%,4.49,50%,4.3,43%,1.59,37%,63%,0.6,67
Mick Parkin,193.04,265.0,200.66,Orthodox,1995-10-02,10,100%,0,0%,0,0%,0.0,0%,4.91,52%,4.15,58%,1.49,41%,50%,0.3,135
Tatiana Suarez,165.1,115.0,167.64,Southpaw,1990-12-19,11,92%,1,8%,0,0%,0.0,0%,3.22,61%,1.58,47%,4.65,47%,80%,0.7,145
Israel Adesanya,193.04,185.0,203.2,Switch,1989-07-22,24,83%,5,17%,0,0%,0.0,0%,4.02,48%,3.2,55%,0.05,11%,76%,0.1,92
Ian Machado Garry,190.5,170.0,187.96,Orthodox,1997-11-17,15,94%,1,6%,0,0%,0.0,0%,4.72,54%,2.82,51%,0.74,54%,73%,0.5,82
Nikita Krylov,190.5,205.0,195.58,Orthodox,1992-03-07,30,77%,9,23%,0,0%,0.0,0%,4.38,55%,2.47,44%,2.29,38%,53%,1.4,113
Ariane da Silva,167.64,125.0,170.18,Orthodox,1994-01-26,17,63%,10,37%,0,0%,0.0,0%,4.04,41%,3.87,53%,0.52,55%,68%,0.3,179
Jacqueline Cavalcanti,172.72,135.0,177.8,Orthodox,1997-08-29,8,89%,1,11%,0,0%,0.0,0%,6.02,49%,3.22,72%,0.0,0%,90%,0.0,193
Jon Jones,193.04,248.0,213.36,Orthodox,1987-07-19,28,93%,1,3%,0,0%,1.0,3%,4.38,58%,2.24,64%,1.89,45%,95%,0.5,2
Marcin Tybura,190.5,249.0,198.12,Orthodox,1985-11-09,26,74%,9,26%,0,0%,0.0,0%,3.57,49%,3.26,55%,1.42,33%,77%,0.1,128
Raquel Pennington,170.18,135.0,170.18,Orthodox,1988-09-05,16,62%,10,38%,0,0%,0.0,0%,4.1,49%,3.32,61%,0.83,27%,62%,0.6,144
Irene Aldana,175.26,135.0,172.72,Orthodox,1988-03-26,15,65%,8,35%,0,0%,0.0,0%,5.19,39%,6.64,56%,0.15,50%,77%,0.2,186
Caio Borralho,185.42,185.0,190.5,Southpaw,1993-01-16,17,89%,1,5%,0,0%,1.0,5%,3.61,60%,2.34,62%,1.56,60%,76%,0.5,96
Arman Tsarukyan,170.18,155.0,182.88,Orthodox,1996-10-11,22,88%,3,12%,0,0%,0.0,0%,3.79,48%,1.84,53%,3.25,37%,75%,0.0,61
Marvin Vettori,182.88,185.0,187.96,Southpaw,1993-09-20,19,70%,7,26%,1,4%,0.0,0%,4.56,45%,4.24,56%,1.66,45%,69%,0.5,97
Natalia Silva,162.56,125.0,165.1,Southpaw,1997-02-03,18,75%,5,21%,1,4%,0.0,0%,5.19,47%,2.35,64%,0.4,25%,91%,0.0,149
Brian Ortega,172.72,145.0,175.26,Switch,1991-02-21,16,76%,4,19%,0,0%,1.0,5%,4.08,37%,6.59,49%,1.07,26%,55%,1.1,51
Curtis Blaydes,193.04,265.0,203.2,Orthodox,1991-02-18,18,75%,5,21%,0,0%,1.0,4%,3.54,50%,1.91,58%,5.69,53%,31%,0.0,125
Jared Cannonier,180.34,185.0,195.58,Switch,1984-03-16,17,68%,8,32%,0,0%,0.0,0%,4.49,50%,4.39,56%,0.42,46%,62%,0.0,98
Deiveson Figueiredo,165.1,135.0,172.72,Orthodox,1987-12-18,24,83%,4,14%,1,3%,0.0,0%,2.91,54%,3.55,49%,1.62,34%,60%,1.4,35
Bogdan Guskov,190.5,205.0,193.04,Orthodox,1992-09-12,17,85%,3,15%,0,0%,0.0,0%,3.96,55%,3.22,43%,0.0,0%,57%,1.2,118
Marcos Rogerio de Lima,185.42,253.0,190.5,Orthodox,1985-06-25,22,67%,10,30%,1,3%,0.0,0%,3.7,57%,2.9,51%,1.4,45%,59%,0.5,132
Miesha Tate,167.64,135.0,165.1,Orthodox,1986-08-18,20,69%,9,31%,0,0%,0.0,0%,2.62,45%,2.98,51%,2.02,31%,55%,1.3,190
Aiemann Zahabi,172.72,135.0,172.72,Orthodox,1987-11-19,12,86%,2,14%,0,0%,0.0,0%,4.06,46%,4.06,71%,0.16,14%,83%,0.0,43
Manel Kape,165.1,125.0,172.72,Southpaw,1993-11-14,20,74%,7,26%,0,0%,0.0,0%,5.05,56%,4.15,58%,0.47,33%,77%,0.3,21
Norma Dumont,170.18,135.0,170.18,Orthodox,1990-10-01,12,86%,2,14%,0,0%,0.0,0%,3.86,50%,2.16,65%,1.72,56%,72%,0.0,184
Jasmine Jasudavicius,170.18,125.0,172.72,Orthodox,1989-03-01,13,81%,3,19%,0,0%,0.0,0%,3.71,45%,3.67,51%,2.55,44%,75%,0.5,177
Diego Lopes,180.34,145.0,182.88,Orthodox,1994-12-30,26,81%,6,19%,0,0%,0.0,0%,4.2,53%,4.11,50%,0.5,40%,52%,2.8,48
Beneil Dariush,177.8,155.0,182.88,Southpaw,1989-05-06,22,76%,6,21%,1,3%,0.0,0%,3.78,48%,2.65,57%,1.9,34%,80%,0.9,69
Michel Pereira,185.42,185.0,185.42,Orthodox,1993-10-06,31,69%,12,27%,0,0%,2.0,4%,4.46,53%,4.23,52%,1.27,52%,76%,0.8,105
Chelsea Chandler,172.72,135.0,172.72,Southpaw,1990-11-23,6,67%,3,33%,0,0%,0.0,0%,3.53,45%,4.06,41%,0.91,60%,33%,0.0,194
Shavkat Rakhmonov,185.42,170.0,195.58,Orthodox,1994-10-23,19,100%,0,0%,0,0%,0.0,0%,3.25,60%,2.17,51%,1.4,25%,85%,1.2,77
Yair Rodriguez,180.34,145.0,180.34,Orthodox,1992-10-06,16,73%,5,23%,0,0%,1.0,5%,4.65,46%,3.99,52%,0.69,27%,58%,0.7,50
Robert Whittaker,182.88,185.0,185.42,Orthodox,1990-12-20,27,77%,8,23%,0,0%,0.0,0%,4.54,43%,3.41,59%,0.8,38%,81%,0.0,94
Michael Morales,182.88,170.0,200.66,Orthodox,1999-06-24,17,100%,0,0%,0,0%,0.0,0%,5.42,48%,3.42,52%,1.16,41%,92%,0.0,87
Petr Yan,170.18,135.0,170.18,Switch,1993-02-11,18,78%,5,22%,0,0%,0.0,0%,5.11,54%,4.13,58%,1.61,49%,84%,0.1,32
Nassourdine Imavov,190.5,185.0,190.5,Orthodox,1995-03-01,16,76%,4,19%,0,0%,1.0,5%,4.45,55%,3.26,58%,0.85,32%,78%,1.1,95
Rose Namajunas,165.1,125.0,165.1,Orthodox,1992-06-29,14,67%,7,33%,0,0%,0.0,0%,3.71,42%,3.48,63%,1.46,50%,61%,0.4,143
Azamat Murzakanov,177.8,205.0,180.34,Southpaw,1989-04-12,14,100%,0,0%,0,0%,0.0,0%,4.72,56%,2.9,61%,0.62,15%,83%,0.0,117
Max Holloway,180.34,145.0,175.26,Orthodox,1991-12-04,26,76%,8,24%,0,0%,0.0,0%,7.16,47%,4.76,59%,0.25,53%,83%,0.3,12
Henry Cejudo,162.56,135.0,162.56,Orthodox,1987-02-09,16,80%,4,20%,0,0%,0.0,0%,3.77,46%,3.29,60%,1.99,32%,75%,0.2,37
Marcus McGhee,172.72,135.0,175.26,Orthodox,1990-05-07,10,91%,1,9%,0,0%,0.0,0%,6.06,48%,2.83,64%,0.46,33%,100%,0.5,44
Sean Brady,177.8,170.0,182.88,Orthodox,1992-11-23,17,94%,1,6%,0,0%,0.0,0%,4.09,55%,3.18,60%,3.49,52%,85%,0.9,80
Sergei Pavlovich,190.5,257.0,213.36,Southpaw,1992-05-13,19,86%,3,14%,0,0%,0.0,0%,4.54,43%,3.81,54%,0.63,40%,75%,0.0,124
Miranda Maverick,160.02,125.0,165.1,Southpaw,1997-07-01,17,77%,5,23%,0,0%,0.0,0%,3.39,45%,2.31,60%,2.39,41%,44%,0.3,180
Sean O'Malley,180.34,135.0,182.88,Switch,1994-10-24,18,86%,2,10%,0,0%,1.0,5%,6.7,61%,3.48,60%,0.29,42%,61%,0.3,13
Roman Dolidze,187.96,185.0,193.04,Orthodox,1988-07-15,14,82%,3,18%,0,0%,0.0,0%,3.16,42%,3.38,50%,1.33,42%,33%,1.1,100
Lerone Murphy,175.26,145.0,185.42,Orthodox,1991-07-22,15,94%,0,0%,1,6%,0.0,0%,4.8,54%,2.67,60%,1.78,54%,48%,0.6,56
Alonzo Menifield,182.88,205.0,193.04,Orthodox,1987-10-18,15,71%,5,24%,1,5%,0.0,0%,3.77,54%,3.7,49%,0.63,33%,76%,0.2,120
Gillian Robertson,165.1,115.0,160.02,Orthodox,1995-05-17,15,65%,8,35%,0,0%,0.0,0%,2.89,48%,2.95,56%,2.68,39%,41%,1.0,162
Brandon Moreno,170.18,125.0,177.8,Orthodox,1993-12-07,22,69%,8,25%,2,6%,0.0,0%,3.99,43%,3.53,60%,1.59,46%,64%,0.4,17
Julia Avila,170.18,135.0,172.72,Orthodox,1988-05-11,9,75%,3,25%,0,0%,0.0,0%,2.59,43%,2.86,50%,0.54,33%,50%,0.3,192
Mayra Bueno Silva,167.64,125.0,167.64,Orthodox,1991-08-22,10,59%,5,29%,1,6%,1.0,6%,3.83,58%,4.85,51%,0.57,29%,63%,1.5,187
Angela Hill,160.02,115.0,162.56,Orthodox,1985-01-12,17,55%,14,45%,0,0%,0.0,0%,5.46,49%,4.93,61%,0.76,32%,74%,0.1,163
Alexa Grasso,165.1,125.0,167.64,Orthodox,1993-08-09,16,76%,4,19%,1,5%,0.0,0%,4.19,41%,3.69,58%,0.44,40%,54%,0.7,138
Dan Hooker,182.88,155.0,190.5,Switch,1990-02-13,24,67%,12,33%,0,0%,0.0,0%,5.03,48%,4.72,51%,0.73,34%,78%,0.3,66
Rob Font,172.72,135.0,180.34,Orthodox,1987-06-25,21,72%,8,28%,0,0%,0.0,0%,5.44,45%,3.58,57%,0.84,34%,44%,0.3,39
Valentina Shevchenko,165.1,125.0,167.64,Southpaw,1988-03-07,24,83%,4,14%,1,3%,0.0,0%,3.16,52%,2.0,64%,2.74,64%,71%,0.3,136
Merab Dvalishvili,167.64,135.0,172.72,Orthodox,1991-01-10,19,83%,4,17%,0,0%,0.0,0%,4.36,42%,2.51,56%,5.89,35%,82%,0.3,5
Tai Tuivasa,187.96,264.0,190.5,Southpaw,1993-03-16,15,65%,8,35%,0,0%,0.0,0%,3.77,46%,5.18,44%,0.0,0%,57%,0.0,131
Tim Elliott,170.18,125.0,167.64,Southpaw,1986-12-24,21,60%,13,37%,1,3%,0.0,0%,3.39,44%,2.66,56%,3.73,47%,59%,1.0,25
Nora Cornolle,170.18,135.0,170.18,Orthodox,1989-12-06,8,80%,2,20%,0,0%,0.0,0%,3.41,53%,2.18,62%,0.39,11%,50%,0.0,195
Umar Nurmagomedov,172.72,135.0,175.26,Orthodox,1996-01-03,18,95%,1,5%,0,0%,0.0,0%,4.38,57%,2.15,60%,3.26,39%,78%,0.3,33
Alex Perez,167.64,125.0,165.1,Orthodox,1992-03-21,25,74%,9,26%,0,0%,0.0,0%,4.19,46%,3.2,58%,2.04,46%,77%,0.8,22
Jamahal Hill,193.04,205.0,200.66,Southpaw,1991-05-19,12,75%,3,19%,0,0%,1.0,6%,7.05,53%,4.02,45%,0.0,0%,73%,0.0,109
Jack Hermansson,185.42,185.0,195.58,Orthodox,1988-06-10,24,75%,8,25%,0,0%,0.0,0%,5.09,44%,3.69,56%,1.53,30%,80%,0.4,103
Tom Aspinall,195.58,256.0,198.12,Orthodox,1993-04-11,15,83%,3,17%,0,0%,0.0,0%,8.07,67%,2.89,65%,3.27,100%,100%,1.6,8
Alexandre Pantoja,165.1,125.0,170.18,Orthodox,1990-04-16,29,85%,5,15%,0,0%,0.0,0%,4.41,50%,3.92,50%,2.74,47%,68%,0.9,9
Renato Moicano,180.34,155.0,182.88,Orthodox,1989-05-21,20,74%,6,22%,1,4%,0.0,0%,4.36,48%,3.55,60%,1.82,44%,71%,0.6,70
Magomed Ankalaev,190.5,205.0,190.5,Orthodox,1992-06-02,20,87%,1,4%,1,4%,1.0,4%,3.64,52%,2.37,58%,0.92,31%,86%,0.0,106
Rafael Fiziev,172.72,155.0,180.34,Switch,1993-03-05,12,80%,3,20%,0,0%,0.0,0%,4.9,51%,4.97,49%,0.29,40%,89%,0.0,71
Amanda Ribas,160.02,115.0,167.64,Orthodox,1993-08-26,13,68%,6,32%,0,0%,0.0,0%,4.29,39%,3.24,60%,2.06,53%,83%,0.6,158
Ilia Topuria,170.18,145.0,175.26,Orthodox,1997-01-21,16,100%,0,0%,0,0%,0.0,0%,4.69,47%,3.84,64%,2.02,61%,92%,1.1,4
Volkan Oezdemir,187.96,205.0,190.5,Orthodox,1989-09-19,20,71%,8,29%,0,0%,0.0,0%,4.95,48%,4.22,55%,0.5,29%,80%,0.1,114
Belal Muhammad,180.34,170.0,182.88,Orthodox,1988-07-09,24,86%,3,11%,0,0%,1.0,4%,4.39,43%,3.48,57%,2.28,39%,89%,0.2,6
Geoff Neal,180.34,170.0,190.5,Southpaw,1990-08-28,16,73%,6,27%,0,0%,0.0,0%,5.05,51%,5.44,57%,0.56,50%,87%,0.1,85
Gilbert Burns,177.8,170.0,180.34,Orthodox,1986-07-20,22,73%,8,27%,0,0%,0.0,0%,3.17,48%,3.57,52%,2.1,37%,53%,0.5,83
Cory Sandhagen,180.34,135.0,177.8,Switch,1992-04-20,17,77%,5,23%,0,0%,0.0,0%,5.02,44%,3.46,56%,1.19,32%,63%,0.3,34
Marina Rodriguez,167.64,115.0,165.1,Orthodox,1987-04-29,17,71%,5,21%,2,8%,0.0,0%,4.64,46%,3.04,55%,0.28,50%,62%,0.2,159
Loopy Godinez,157.48000000000002,115.0,154.94,Orthodox,1993-09-06,12,71%,5,29%,0,0%,0.0,0%,4.16,48%,3.69,63%,2.95,47%,81%,1.0,161
Zhang Weili,162.56,115.0,160.02,Switch,1989-08-13,26,90%,3,10%,0,0%,0.0,0%,5.15,53%,2.77,54%,2.24,45%,74%,0.5,137
Charles Johnson,175.26,125.0,177.8,Switch,1991-01-10,17,74%,6,26%,0,0%,0.0,0%,4.77,50%,3.62,57%,0.56,23%,67%,0.4,27
Calvin Kattar,180.34,145.0,182.88,Orthodox,1988-03-26,23,74%,8,26%,0,0%,0.0,0%,4.76,39%,6.75,54%,0.39,29%,72%,0.1,55
Ketlen Vieira,172.72,135.0,172.72,Orthodox,1991-08-26,14,78%,4,22%,0,0%,0.0,0%,2.92,41%,3.9,51%,1.39,44%,88%,0.6,183
Josh Emmett,167.64,145.0,177.8,Orthodox,1985-03-04,19,83%,4,17%,0,0%,0.0,0%,4.04,36%,4.61,61%,0.91,37%,46%,0.1,53
Aljamain Sterling,170.18,145.0,180.34,Orthodox,1989-07-31,24,83%,5,17%,0,0%,0.0,0%,4.41,52%,2.21,58%,2.51,29%,42%,0.7,54
Carlos Ulberg,193.04,205.0,195.58,Orthodox,1990-11-07,12,92%,1,8%,0,0%,0.0,0%,7.2,56%,4.27,50%,0.72,75%,83%,0.2,111
Iasmin Lucindo,160.02,115.0,167.64,Orthodox,2002-01-08,17,77%,5,23%,0,0%,0.0,0%,3.52,45%,2.91,66%,2.4,57%,66%,0.2,157
Karine Silva,165.1,125.0,170.18,Orthodox,1993-12-02,18,78%,5,22%,0,0%,0.0,0%,3.04,38%,3.14,47%,2.79,50%,0%,1.9,178
Khamzat Chimaev,187.96,185.0,190.5,Orthodox,1994-05-01,14,100%,0,0%,0,0%,0.0,0%,5.36,58%,3.25,41%,4.31,46%,100%,2.8,93
Tracy Cortez,165.1,125.0,165.1,Orthodox,1993-12-10,11,85%,2,15%,0,0%,0.0,0%,3.72,47%,3.02,57%,2.09,45%,62%,0.3,176
Yana Santos,167.64,135.0,172.72,Orthodox,1989-11-11,15,62%,8,33%,0,0%,1.0,4%,4.42,58%,3.12,50%,0.97,53%,42%,0.1,189
Luana Pinheiro,157.48000000000002,115.0,157.48,Orthodox,1992-11-18,11,73%,4,27%,0,0%,0.0,0%,3.42,40%,4.03,61%,1.8,33%,69%,0.2,164
Jairzinho Rozenstruik,187.96,242.0,198.12,Orthodox,1988-03-17,15,71%,6,29%,0,0%,0.0,0%,3.48,48%,2.63,52%,0.0,0%,72%,0.0,129
Anthony Hernandez,182.88,185.0,190.5,Orthodox,1993-10-18,13,81%,2,12%,0,0%,1.0,6%,4.9,63%,2.88,46%,6.64,44%,65%,2.3,102
Justin Gaethje,180.34,155.0,177.8,Orthodox,1988-11-14,25,83%,5,17%,0,0%,0.0,0%,6.78,59%,7.46,52%,0.11,25%,75%,0.0,63
Dan Ige,170.18,145.0,180.34,Orthodox,1991-08-06,18,67%,9,33%,0,0%,0.0,0%,3.66,45%,3.5,56%,0.99,26%,57%,0.2,59
Carlos Prates,185.42,170.0,198.12,Switch,1993-08-17,21,78%,6,22%,0,0%,0.0,0%,4.39,57%,4.6,48%,0.44,100%,91%,0.0,88
Charles Oliveira,177.8,155.0,187.96,Orthodox,1989-10-17,35,76%,10,22%,0,0%,1.0,2%,3.4,55%,3.21,49%,2.25,40%,56%,2.7,15
Movsar Evloev,170.18,145.0,182.88,Orthodox,1994-02-11,19,100%,0,0%,0,0%,0.0,0%,3.99,48%,2.66,60%,4.67,48%,61%,0.2,49
Giga Chikadze,182.88,145.0,187.96,Orthodox,1988-08-25,15,79%,4,21%,0,0%,0.0,0%,3.92,42%,3.5,61%,0.21,33%,70%,0.2,57
Ailin Perez,165.1,135.0,167.64,Switch,1994-10-05,12,86%,2,14%,0,0%,0.0,0%,3.1,54%,1.79,55%,4.68,46%,66%,0.2,191
Leon Edwards,187.96,170.0,187.96,Southpaw,1991-08-25,22,81%,4,15%,0,0%,1.0,4%,2.68,53%,2.37,53%,1.25,36%,65%,0.4,10
Kai Kara-France,162.56,125.0,175.26,Orthodox,1993-03-26,25,68%,11,30%,0,0%,1.0,3%,4.56,39%,3.22,65%,0.61,33%,88%,0.0,19
Brandon Royval,175.26,125.0,172.72,Southpaw,1992-08-16,17,71%,7,29%,0,0%,0.0,0%,4.46,39%,3.06,47%,0.75,75%,45%,1.2,16
Yan Xiaonan,165.1,115.0,160.02,Orthodox,1989-06-16,19,79%,4,17%,0,0%,1.0,4%,4.99,45%,3.44,60%,0.92,73%,63%,0.0,146
Mario Bautista,175.26,135.0,175.26,Switch,1993-07-01,15,88%,2,12%,0,0%,0.0,0%,5.33,47%,3.91,54%,1.92,33%,66%,0.9,40
Alex Pereira,193.04,205.0,200.66,Orthodox,1987-07-07,12,86%,2,14%,0,0%,0.0,0%,5.46,63%,3.44,55%,0.14,100%,70%,0.3,3
Mateusz Gamrot,177.8,155.0,177.8,Southpaw,1990-12-11,24,86%,3,11%,0,0%,1.0,4%,3.23,50%,3.22,58%,5.25,35%,90%,0.1,68
Michael Page,190.5,170.0,200.66,Switch,1987-04-07,23,88%,3,12%,0,0%,0.0,0%,2.53,62%,1.78,55%,0.3,20%,63%,0.0,90
Jalin Turner,190.5,155.0,195.58,Southpaw,1995-05-18,14,64%,8,36%,0,0%,0.0,0%,5.6,48%,4.57,41%,0.79,55%,74%,1.1,73
Paulo Costa,185.42,185.0,182.88,Orthodox,1991-04-21,14,78%,4,22%,0,0%,0.0,0%,6.22,58%,6.56,49%,0.36,75%,80%,0.0,101
Macy Chiasson,180.34,135.0,182.88,Orthodox,1991-07-27,11,79%,3,21%,0,0%,0.0,0%,3.77,46%,2.79,44%,2.37,38%,70%,0.4,185
Maycee Barber,165.1,125.0,165.1,Switch,1998-05-18,14,88%,2,12%,0,0%,0.0,0%,4.7,53%,2.9,54%,1.44,43%,53%,0.1,150
Edson Barboza,180.34,145.0,190.5,Orthodox,1986-01-21,24,67%,12,33%,0,0%,0.0,0%,4.11,44%,4.65,56%,0.45,50%,72%,0.1,60
Marlon Vera,172.72,135.0,177.8,Switch,1992-12-02,23,68%,10,29%,1,3%,0.0,0%,4.27,49%,5.37,50%,0.51,39%,72%,0.8,36
Manon Fiorot,170.18,125.0,165.1,Orthodox,1990-02-17,12,92%,1,8%,0,0%,0.0,0%,6.26,41%,3.77,68%,1.17,42%,93%,0.0,140
Kayla Harrison,172.72,135.0,167.64,Southpaw,1990-07-02,18,95%,1,5%,0,0%,0.0,0%,4.87,64%,1.19,64%,2.75,30%,100%,0.7,142
Asu Almabayev,162.56,125.0,165.1,Orthodox,1994-01-25,21,91%,2,9%,0,0%,0.0,0%,2.11,56%,1.02,59%,5.08,50%,50%,1.7,23
Tabatha Ricci,154.94,115.0,154.94,Orthodox,1995-02-21,11,79%,3,21%,0,0%,0.0,0%,4.18,36%,5.29,57%,2.74,37%,81%,0.1,160
Arnold Allen,172.72,145.0,177.8,Southpaw,1994-01-22,20,87%,3,13%,0,0%,0.0,0%,3.45,41%,2.88,61%,0.93,47%,75%,0.3,52
Steve Erceg,172.72,125.0,172.72,Orthodox,1995-07-27,12,80%,3,20%,0,0%,0.0,0%,4.37,48%,4.22,53%,1.16,26%,60%,0.5,24
Mackenzie Dern,162.56,115.0,160.02,Orthodox,1993-03-24,15,75%,5,25%,0,0%,0.0,0%,3.31,40%,3.9,52%,0.89,17%,25%,1.2,156
Paddy Pimblett,177.8,155.0,185.42,Orthodox,1995-01-03,22,88%,3,12%,0,0%,0.0,0%,4.94,53%,3.75,40%,0.91,25%,52%,2.1,72
Alexander Volkanovski,167.64,145.0,180.34,Orthodox,1988-09-29,26,87%,4,13%,0,0%,0.0,0%,6.16,56%,3.44,58%,1.78,37%,70%,0.2,11
Joshua Van,165.1,125.0,165.1,Orthodox,2001-10-10,12,86%,2,14%,0,0%,0.0,0%,8.88,54%,5.82,60%,1.32,63%,80%,0.0,30
Brendan Allen,187.96,185.0,190.5,Orthodox,1995-12-28,24,80%,6,20%,0,0%,0.0,0%,3.79,53%,3.83,46%,1.67,39%,58%,1.3,99
Erin Blanchfield,162.56,125.0,167.64,Orthodox,1999-05-04,13,87%,2,13%,0,0%,0.0,0%,5.24,44%,4.21,59%,1.86,31%,80%,0.8,141
Shamil Gaziev,193.04,265.0,198.12,Orthodox,1990-02-10,14,93%,1,7%,0,0%,0.0,0%,2.57,48%,3.87,44%,0.96,30%,83%,0.3,134
Amir Albazi,165.1,125.0,172.72,Orthodox,1993-10-27,17,89%,2,11%,0,0%,0.0,0%,2.72,34%,3.71,61%,1.39,32%,50%,0.5,18
Vicente Luque,180.34,170.0,190.5,Orthodox,1991-11-27,23,68%,10,29%,1,3%,0.0,0%,5.05,51%,5.22,52%,0.99,53%,62%,0.7,89
Islam Makhachev,177.8,155.0,177.8,Southpaw,1991-10-27,27,96%,1,4%,0,0%,0.0,0%,2.63,58%,1.55,61%,3.2,53%,90%,1.1,1
Shara Magomedov,187.96,185.0,185.42,Orthodox,1994-05-16,15,94%,1,6%,0,0%,0.0,0%,5.87,62%,4.13,42%,0.0,0%,72%,0.0,104
Dominick Reyes,193.04,205.0,195.58,Southpaw,1989-12-26,14,78%,4,22%,0,0%,0.0,0%,5.64,54%,3.59,49%,0.31,28%,82%,0.3,116
Grant Dawson,177.8,155.0,182.88,Switch,1994-02-20,23,88%,2,8%,1,4%,0.0,0%,3.2,52%,2.11,44%,3.87,40%,57%,1.1,75
Dricus Du Plessis,185.42,185.0,193.04,Switch,1994-01-14,23,92%,2,8%,0,0%,0.0,0%,6.12,48%,4.9,54%,2.55,50%,50%,0.7,7
Joaquin Buckley,177.8,170.0,193.04,Southpaw,1994-04-27,21,78%,6,22%,0,0%,0.0,0%,4.22,37%,3.13,59%,1.78,45%,73%,0.1,81
Kamaru Usman,182.88,170.0,193.04,Switch,1987-05-11,20,83%,4,17%,0,0%,0.0,0%,4.36,52%,2.74,54%,2.82,45%,89%,0.1,78
